{"cameraMode":{"drawMode":0,"name":"Shaded","section":"Shading Mode"},"sceneLighting":true,"audioPlay":false,"sceneViewState":{"showFog":true,"showMaterialUpdate":false,"showSkybox":true,"showFlares":true,"showImageEffects":true,"showParticleSystems":true},"in2DMode":false,"pivot":{"x":4.100975513458252,"y":-0.09458446502685547,"z":4.309372901916504},"rotation":{"x":-0.6227845549583435,"y":-0.0030552346725016834,"z":0.002428126521408558,"w":-0.7823737859725952},"size":5.707395553588867,"orthographic":false}