{"cameraMode":{"drawMode":0,"name":"Shaded","section":"Shading Mode"},"sceneLighting":false,"audioPlay":false,"sceneViewState":{"showFog":true,"showMaterialUpdate":true,"showSkybox":false,"showFlares":true,"showImageEffects":true,"showParticleSystems":true},"in2DMode":false,"pivot":{"x":3.20878267288208,"y":-2.401082992553711,"z":3.7127115726470949},"rotation":{"x":-0.17416410148143769,"y":0.822654664516449,"z":-0.42047280073165896,"w":-0.3407624661922455},"size":2.666025161743164,"orthographic":false}