{"cameraMode":{"drawMode":0,"name":"Shaded","section":"Shading Mode"},"sceneLighting":true,"audioPlay":false,"sceneViewState":{"showFog":true,"showMaterialUpdate":true,"showSkybox":true,"showFlares":true,"showImageEffects":true,"showParticleSystems":true},"in2DMode":false,"pivot":{"x":4.70050573348999,"y":-3.5996580123901369,"z":5.450606346130371},"rotation":{"x":0.4763440489768982,"y":0.0013185999123379589,"z":-0.0007159587112255395,"w":0.8792427182197571},"size":7.1734137535095219,"orthographic":false}